bsb-2565-dellec2.flac	Sea of the Beach of Dellec #2	Joseph Sardin, BigSoundBank.com	CC0	https://bigsoundbank.com/ sound #2565	2026-10-04	fae4df2405d454fe996c37de1672392e91f31ccf4e5bdbae50aed9f468f1d3e0
bsb-2564-ocean-dellec1.flac	Sea of the beach of Dellec #1	Joseph Sardin, BigSoundBank.com	CC0	https://bigsoundbank.com/ sound #2564	2026-10-04	002ad42282093e79214e79202369e55cf4d472b281974c057ee0c273380abae6
bsb-2566-ocean-dellec3-pebbles.flac	Sea of the beach of Dellec #3	Joseph Sardin, BigSoundBank.com	CC0	https://bigsoundbank.com/ sound #2566	2026-10-04	fb64c3daedd3c271be16c732edcf9539defee727c501ffb3ab80a45bb4d8206c
bsb-2567-ocean-dellec4-rocks.flac	Sea of the beach of Dellec #4	Joseph Sardin, BigSoundBank.com	CC0	https://bigsoundbank.com/ sound #2567	2026-10-04	6650d261fac233f064de7c8c76532f807caaf8b3fc54a277acfc88f78107fd5c
bsb-1448-ocean-small-waves-10m.flac	Small waves and beach #2	Joseph Sardin, BigSoundBank.com	CC0	https://bigsoundbank.com/ sound #1448	2026-10-04	71a0675481f77d1f1501aa988000e6490bed04f5ac03702971ae047b7ea45c49
bsb-2570-ocean-cliff1.flac	Cliff #1	Joseph Sardin, BigSoundBank.com	CC0	https://bigsoundbank.com/ sound #2570	2026-10-04	318929e8920d4339f611b50fb8dfc045dcff284730b059b3b6aa14392d027934
bsb-1451-wind-strong-trees2.flac	Strong wind and trees #2	Joseph Sardin, BigSoundBank.com	CC0	https://bigsoundbank.com/ sound #1451	2026-10-04	0a0b88f46551b51a80e150ecbc2b8eef80061dcd161b5f874707878ba620922f
bsb-1452-wind-strong-trees3.flac	Strong wind and trees #3	Joseph Sardin, BigSoundBank.com	CC0	https://bigsoundbank.com/ sound #1452	2026-10-04	a7a794e72dda47231f6ecbb4f03928be1c1e285c4e7036df179adc9db1e6c6f7
bsb-1450-wind-strong-trees1.flac	Strong wind and trees #1	Joseph Sardin, BigSoundBank.com	CC0	https://bigsoundbank.com/ sound #1450	2026-10-04	ef7baa7f6fdb54aa7c716d064afe4e52105dc8ca88071066af7b6843945e4509
bsb-1097-wind-cornfield.flac	Wind in a cornfield	Joseph Sardin, BigSoundBank.com	CC0	https://bigsoundbank.com/ sound #1097	2026-10-04	c18a1d6f40801ad869e6f5c664d45b041efb5abdf626c753280d1407cb6c6cbb
bsb-1349-wind-peat-bog.flac	Froux peat bogs	Joseph Sardin, BigSoundBank.com	CC0	https://bigsoundbank.com/ sound #1349	2026-10-04	d6ea8ba79a742d39597ee8af2bedb31aa443f93ba5be8d51099d909ca67814b5
bsb-1019-rain-summer-terrace.flac	Summer Rain on Terrace	Joseph Sardin, BigSoundBank.com	CC0	https://bigsoundbank.com/ sound #1019	2026-10-04	b702cdfd7cec24204c86f66249d2071a7b91308b603d2d74b9b3546014aac060
bsb-0740-rain-thunder2.flac	Rain and Thunder #2	Joseph Sardin, BigSoundBank.com	CC0	https://bigsoundbank.com/ sound #0740	2026-10-04	622bb951b18034aaf8d933c79aeedf3228dd2a762b2516458101015a32a04a63
bsb-2719-rain-thunder4-35min.flac	Rain and Thunder #4	Joseph Sardin, BigSoundBank.com	CC0	https://bigsoundbank.com/ sound #2719	2026-10-04	4067dff3791e36b8711b44bded318895c4c122eec3d11a0ef21a672eede45675
bsb-0904-wind-in-the-trees.wav	Wind in the Trees	Joseph Sardin, BigSoundBank.com	CC0	https://bigsoundbank.com/ sound #0904	2026-10-04	0977950ade4efe3c1a975c4c7c983b1487bfeb4adb456895e4d0b637ba81373b
bsb-0820-rain-thunder-tent.wav	Rain and thunder in a tent	Joseph Sardin, BigSoundBank.com	CC0	https://bigsoundbank.com/ sound #0820	2026-10-04	9df63103173a8f1af692ee71b573e370577b975dbdd5baa41a95c98f18b4a641
bsb-2718-thunder01.flac	Thunder #1	Joseph Sardin, BigSoundBank.com	CC0	https://bigsoundbank.com/ sound #2718	2026-10-04	687a2ed723f767c4c959328f5f8acb441b137671eeeb17760da0b467196f6234
bsb-3113-thunder02.flac	Thunder #2	Joseph Sardin, BigSoundBank.com	CC0	https://bigsoundbank.com/ sound #3113	2026-10-04	aece3d410a95b09dec470372576cfe5160cf99e208d8526cea5538fd12e32ddb
bsb-3114-thunder03.flac	Thunder #3	Joseph Sardin, BigSoundBank.com	CC0	https://bigsoundbank.com/ sound #3114	2026-10-04	90458dc8ee2337b81449cae726076e8d72f519d5e146ae8ec2da4a2ef7ac0e98
bsb-3115-thunder04.flac	Thunder #4	Joseph Sardin, BigSoundBank.com	CC0	https://bigsoundbank.com/ sound #3115	2026-10-04	361cf9c9f49be122addbcbd19304c687f772b2048f137b5d78e0107a65e970d9
bsb-3116-thunder05.flac	Thunder #5	Joseph Sardin, BigSoundBank.com	CC0	https://bigsoundbank.com/ sound #3116	2026-10-04	3fc479a53b553d7b63c0049d0382604f8dfcf764cb9c8eac66f57376a6414515
bsb-3179-thunder06.flac	Thunder #6	Joseph Sardin, BigSoundBank.com	CC0	https://bigsoundbank.com/ sound #3179	2026-10-04	137560bbb88021b612c3038b55a18454400a42def917e357001e0979153ed34a
bsb-3180-thunder07.flac	Thunder #7	Joseph Sardin, BigSoundBank.com	CC0	https://bigsoundbank.com/ sound #3180	2026-10-04	af5ec3d10309ab010c5bc377709ad6b765d96dfd94dcb6eca21232e29c98271d
bsb-3181-thunder08.flac	Thunder #8	Joseph Sardin, BigSoundBank.com	CC0	https://bigsoundbank.com/ sound #3181	2026-10-04	1660a7d8a08cc216e02814636db5d978ad62cc5adb8b945f8aa70fcb4a277029
bsb-3182-thunder09.flac	Thunder #9	Joseph Sardin, BigSoundBank.com	CC0	https://bigsoundbank.com/ sound #3182	2026-10-04	b94b4ade9bc68938b36733533991e4f5bef9d1846cf2281546e339cdde806cc8
bsb-3183-thunder10.flac	Thunder #10	Joseph Sardin, BigSoundBank.com	CC0	https://bigsoundbank.com/ sound #3183	2026-10-04	e0a40f105658317b73aa5a0482b48999f2f1383766ce3d0fe377f25b99d548aa
bsb-3184-thunder11.flac	Thunder #11	Joseph Sardin, BigSoundBank.com	CC0	https://bigsoundbank.com/ sound #3184	2026-10-04	ace02a648033062f971bfd0691573dc68242ecbb2ac5860b3515c32653109aad
fs-547892-chromakei-steady-night-rain.flac	steady night rain	chromakei, Freesound	CC0	https://freesound.org/people/chromakei/sounds/547892/	2026-10-04	be38e5bc91deda3e575a500b253c01fdaaa116143ecbdaa43756ec21af41ebd6
fs-396578-chromakei-binaural-rainfall.wav	binaural rainfall 20170629	chromakei, Freesound	CC0	https://freesound.org/people/chromakei/sounds/396578/	2026-10-04	1beb0302d23d08af2002ffc830b670426057cf5cdad3ea4cc04c5d1cc30d7c6f
fs-200270-jmbphilmes-rain-heavy-rural.wav	Rain heavy 1 (rural)	jmbphilmes, Freesound	CC0	https://freesound.org/people/jmbphilmes/sounds/200270/	2026-10-04	917eb00a4cb87787b7fbea73e3887f9884a134387df74cf625dbe96310e7c92f
fs-719056-giddster-forest-cabin-rain2.wav	Forest cabin summer rain 2	giddster, Freesound	CC0	https://freesound.org/people/giddster/sounds/719056/	2026-10-04	e11578640b9f1aa4fef5f706304849b81e1628ba2de472bb4c0f216696dfef8a
fs-656541-heckfricker-medium-rain.wav	Medium Rain	HECKFRICKER, Freesound	CC0	https://freesound.org/people/HECKFRICKER/sounds/656541/	2026-10-04	751acdd772b05875c9f5ae0031bbd9a13eb1ee025ca52adad538d1211fc6c111
fs-707221-mkdperfeito-natural-rain.wav	Natural sound of rain	MKDPERFEITO, Freesound	CC0	https://freesound.org/people/MKDPERFEITO/sounds/707221/	2026-10-04	896fd30576796b4a737e14cb8deb10e6ccdccce43b5edf2c840533bc07c44021
fs-454128-kyles-rain-heavy-porch.flac	rain heavy porch full steady	kyles, Freesound	CC0	https://freesound.org/people/kyles/sounds/454128/	2026-10-04	bd7e287f8fd7d066c62d116eb37a86b3df34cc67eab9cb5200af42ce2dbba19e
